<?xml version="1.0" encoding="UTF-8"?>
<project-private xmlns="http://www.netbeans.org/ns/project-private/1">
    <editor-bookmarks xmlns="http://www.netbeans.org/ns/editor-bookmarks/2" lastBookmarkId="0"/>
    <open-files xmlns="http://www.netbeans.org/ns/projectui-open-files/2">
        <group>
            <file>file:/var/www/html/xi/admin/adminsurvey.php</file>
            <file>file:/var/www/html/xi/surveys/questions/base_questions.php</file>
            <file>file:/var/www/html/xi/database.php</file>
            <file>file:/var/www/html/xi/surveys/questions/questions.php</file>
            <file>file:/var/www/html/xi/admin/admin.php</file>
            <file>file:/var/www/html/xi/questiongroup.php</file>
            <file>file:/var/www/html/xi/surveys/templates/templates.php</file>
            <file>file:/var/www/html/xi/config.php</file>
            <file>file:/var/www/html/xi/admin/display.php</file>
            <file>file:/var/www/html/xi/questionobject.php</file>
            <file>file:/var/www/html/xi/survey.php</file>
            <file>file:/var/www/html/xi/surveys/questions/base_questions%20(copy).php</file>
            <file>file:/var/www/html/xi/admin/index.php</file>
            <file>file:/var/www/html/xi/question.php</file>
            <file>file:/var/www/html/xi/functions.php</file>
            <file>file:/var/www/html/xi/surveys/surveys.php</file>
            <file>file:/var/www/html/xi/section.php</file>
            <file>file:/var/www/html/xi/ajax.php</file>
            <file>file:/var/www/html/xi/surveys/questions/demo_questions.php</file>
        </group>
    </open-files>
</project-private>
